Position,Company,Location,URL
라인프렌즈 2022년 각 부문 수시의 전체 세부 정보,라인프렌즈,서울 용산구,https://kr.indeed.com//rc/clk?jk=1015284880e2ff62&fccid=b6f22bcb6078a2c4&vjs=3
[반짝] 연봉7천이상 팀장급 개발자(python/Java /My-SQL 등)의 전체 세부 정보,펫이지,서울 종로구,https://kr.indeed.com//rc/clk?jk=ee36d59247206712&fccid=156bb0350f6796cc&vjs=3
IT부문 신입/경력 직원 수시의 전체 세부 정보,한국전자금융,서울 마포구,https://kr.indeed.com//rc/clk?jk=5179fa6854eda515&fccid=05b9e3e68be655f0&vjs=3
사이버보안 대응[매니저  책임매니저]의 전체 세부 정보,현대자동차그룹,대한민국,https://kr.indeed.com//rc/clk?jk=9517141f198fffa0&fccid=980d6ecc399a3373&vjs=3
Data Scientist의 전체 세부 정보,한국아이비엠,서울 영등포구,https://kr.indeed.com//rc/clk?jk=55d24724e542048c&fccid=6a140d57f361e18b&vjs=3
[리디본부] 데이터분석가의 전체 세부 정보,RIDI Corp,서울,https://kr.indeed.com//rc/clk?jk=d9581356bce12ba9&fccid=ba4215b904dee414&vjs=3
분석모델의 전체 세부 정보,KB데이타시스템,서울 마포구,https://kr.indeed.com//rc/clk?jk=d1a1b7bf3790b2e1&fccid=fe227fbd2afb9580&vjs=3
[Data] 백엔드 소프트웨어 엔지니어의 전체 세부 정보,한국카카오은행,성남 분당구,https://kr.indeed.com//rc/clk?jk=c5d559292e12bbea&fccid=aea6a13a3459fdb2&vjs=3
[Data] 분석 데이터 엔지니어의 전체 세부 정보,한국카카오은행,성남 분당구,https://kr.indeed.com//rc/clk?jk=76ee838e234dfdac&fccid=aea6a13a3459fdb2&vjs=3
가상자산 트레이딩 / 시스템 개발자의 전체 세부 정보,블록투리얼,서울 강남구,https://kr.indeed.com//rc/clk?jk=c04680232735292a&fccid=a0245242cd542697&vjs=3
[리디본부] 데이터분석가의 전체 세부 정보,RIDI Corp,서울,https://kr.indeed.com//rc/clk?jk=d9581356bce12ba9&fccid=ba4215b904dee414&vjs=3
분석모델의 전체 세부 정보,KB데이타시스템,서울 마포구,https://kr.indeed.com//rc/clk?jk=d1a1b7bf3790b2e1&fccid=fe227fbd2afb9580&vjs=3
[Data] 백엔드 소프트웨어 엔지니어의 전체 세부 정보,한국카카오은행,성남 분당구,https://kr.indeed.com//rc/clk?jk=c5d559292e12bbea&fccid=aea6a13a3459fdb2&vjs=3
[Data] 분석 데이터 엔지니어의 전체 세부 정보,한국카카오은행,성남 분당구,https://kr.indeed.com//rc/clk?jk=76ee838e234dfdac&fccid=aea6a13a3459fdb2&vjs=3
가상자산 트레이딩 / 시스템 개발자의 전체 세부 정보,블록투리얼,서울 강남구,https://kr.indeed.com//rc/clk?jk=c04680232735292a&fccid=a0245242cd542697&vjs=3
[리디본부] 데이터분석가의 전체 세부 정보,RIDI Corp,서울,https://kr.indeed.com//rc/clk?jk=d9581356bce12ba9&fccid=ba4215b904dee414&vjs=3
분석모델의 전체 세부 정보,KB데이타시스템,서울 마포구,https://kr.indeed.com//rc/clk?jk=d1a1b7bf3790b2e1&fccid=fe227fbd2afb9580&vjs=3
[Data] 백엔드 소프트웨어 엔지니어의 전체 세부 정보,한국카카오은행,성남 분당구,https://kr.indeed.com//rc/clk?jk=c5d559292e12bbea&fccid=aea6a13a3459fdb2&vjs=3
[Data] 분석 데이터 엔지니어의 전체 세부 정보,한국카카오은행,성남 분당구,https://kr.indeed.com//rc/clk?jk=76ee838e234dfdac&fccid=aea6a13a3459fdb2&vjs=3
가상자산 트레이딩 / 시스템 개발자의 전체 세부 정보,블록투리얼,서울 강남구,https://kr.indeed.com//rc/clk?jk=c04680232735292a&fccid=a0245242cd542697&vjs=3
[리디본부] 데이터분석가의 전체 세부 정보,RIDI Corp,서울,https://kr.indeed.com//rc/clk?jk=d9581356bce12ba9&fccid=ba4215b904dee414&vjs=3
분석모델의 전체 세부 정보,KB데이타시스템,서울 마포구,https://kr.indeed.com//rc/clk?jk=d1a1b7bf3790b2e1&fccid=fe227fbd2afb9580&vjs=3
[Data] 백엔드 소프트웨어 엔지니어의 전체 세부 정보,한국카카오은행,성남 분당구,https://kr.indeed.com//rc/clk?jk=c5d559292e12bbea&fccid=aea6a13a3459fdb2&vjs=3
[Data] 분석 데이터 엔지니어의 전체 세부 정보,한국카카오은행,성남 분당구,https://kr.indeed.com//rc/clk?jk=76ee838e234dfdac&fccid=aea6a13a3459fdb2&vjs=3
가상자산 트레이딩 / 시스템 개발자의 전체 세부 정보,블록투리얼,서울 강남구,https://kr.indeed.com//rc/clk?jk=c04680232735292a&fccid=a0245242cd542697&vjs=3
Python Developer,Lemon.io,Latin America Only/Europe Only/Canada Only,https://weworkremotely.com/remote-jobs/lemon-io-python-developer-3
Senior Open Source Developer & DevOps (Python  Django  React  AWS/OpenStack),OpenCraft,Anywhere in the World,https://weworkremotely.com/remote-jobs/opencraft-senior-open-source-developer-devops-python-django-react-aws-openstack
Sr Python Developer,Solar Monkey,Anywhere in the World,https://weworkremotely.com/remote-jobs/solar-monkey-sr-python-developer
Senior Python Engineer: Long-term job - 100% remote,Proxify AB,Anywhere in the World,https://weworkremotely.com/remote-jobs/proxify-ab-senior-python-engineer-long-term-job-100-remote
Python Developer for Ambitious Startup (Remote),Soundsnap/ Beatopia,Europe Only,https://weworkremotely.com/remote-jobs/soundsnap-beatopia-python-developer-for-ambitious-startup-remote
(Senior) Python Full Stack Software Developer,Optimile,Europe Only,https://weworkremotely.com/remote-jobs/optimile-senior-python-full-stack-software-developer
Senior Full-stack Engineer with Python,NannyML,Anywhere in the World,https://weworkremotely.com/remote-jobs/nannyml-senior-full-stack-engineer-with-python
Senior Software Engineer  Python,AssemblyAI (YC 17),Anywhere in the World,https://weworkremotely.com/remote-jobs/assemblyai-yc-17-senior-software-engineer-python
Senior Python Developer - Full Remote ,Ebury,Latin America Only/Europe Only,https://weworkremotely.com/remote-jobs/ebury-senior-python-developer-full-remote-1
Python Developer - Remote,UpStack Technologies  Inc.,Americas Only/Europe Only,https://weworkremotely.com/remote-jobs/upstack-technologies-inc-python-developer-remote
Senior Backend Engineer (Python),TestGorilla,Anywhere in the World,https://weworkremotely.com/remote-jobs/testgorilla-senior-backend-engineer-python-9
Python Developer,Ampcontrol,USA Only/North America Only/Latin America Only/Americas Only/Europe Only/UK Only/Canada Only,https://weworkremotely.com/remote-jobs/ampcontrol-python-developer
Python Platform Engineer,Doximity,Americas Only,https://weworkremotely.com/remote-jobs/doximity-python-platform-engineer
Software Engineer - Backend/Python (100% Remote),Close,Anywhere in the World,https://weworkremotely.com/remote-jobs/close-software-engineer-backend-python-100-remote-1
Software Development Engineer in Test – Python – Cyprus  Greece or Remote ,XM,Anywhere in the World,https://weworkremotely.com/remote-jobs/xm-software-development-engineer-in-test-python-cyprus-greece-or-remote-3
Senior QA Software Test Automation Engineer – Python – Cyprus  Greece  Remote ,XM,Anywhere in the World,https://weworkremotely.com/remote-jobs/xm-senior-qa-software-test-automation-engineer-python-cyprus-greece-remote-3
